req_id,spec_type,occupancy,occupancy_max,occupancy_pct,acc_rate,accepted_from_rate,generated_from_rate,gen_tokens,acc_tokens,gen_drafts,acc_drafts,calls_b,calls_g,calls_a,dur_b,dur_g,dur_a,prompt_tokens,prompt_tps,prompt_ms_per_token,eval_tokens,eval_tps,eval_ms_per_token,total_ms,total_tokens,wall_time_ms,draft_overhead,acc_to_gen_ratio,verif_pct,output_tokens
1,draft-mtp,,,,0.5032299741602068,779,1548,1548,779,258,217,1,258,258,0.004,4683.762,0.371,621,580.13,1.72,1038,55.75,17.94,19690.58,1659,19690.58,1.987163029525032,0.5032299741602068,0.007920349041883277,1038
2,draft-mtp,,,,0.5081967213114754,151,282,1830,930,305,256,2,305,305,0.006,5526.195,0.44,10806,544.08,1.84,197,25.16,39.75,27692.24,11003,27692.24,1.967741935483871,0.5081967213114754,0.00796143625033723,197
3,draft-mtp,,,,0.6192482177576151,10536,16686,18516,11466,3086,2788,3,3086,3086,0.007,56152.013,5.205,70,103.76,9.64,13316,28.59,34.98,466461.39,13386,466461.39,1.6148613291470435,0.6192482177576151,0.009268620377876577,13316
4,draft-mtp,,,,0.6202150537634409,10536,16686,18600,11536,3100,2802,4,3100,3100,0.007,56418.836,5.23,70,103.76,9.64,13316,28.59,34.98,466461.39,13386,466461.39,1.6123439667128987,0.6202150537634409,0.009269093353115434,13316
5,draft-mtp,,,,0.6159031068983676,70,84,18990,11696,3165,2850,5,3165,3165,0.008,57681.042,5.342,19,46.39,21.55,85,35.12,28.47,2829.82,104,2829.82,1.6236320109439124,0.6159031068983676,0.009260416217398376,85
6,draft-mtp,,,,0.7059074219774456,9837,11514,30504,21533,5084,4709,6,5084,5084,0.009,104430.632,9.676,18095,248.64,4.02,11755,63.45,15.76,258034.75,29850,258034.75,1.416616356290345,0.7059074219774456,0.00926462143924745,11755
7,draft-mtp,,,,0.7050045027659848,9837,11514,31092,21920,5182,4800,7,5182,5182,0.01,106461.683,9.795,18095,248.64,4.02,11755,63.45,15.76,258034.75,29850,258034.75,1.4184306569343066,0.7050045027659848,0.009199646012273258,11755
8,draft-mtp,,,,0.7048757170172084,387,588,31380,22119,5230,4843,8,5230,5230,0.01,107452.422,9.863,19,54.27,18.43,485,54.43,18.37,9259.93,504,9259.93,1.4186898141868982,0.7048757170172084,0.00917810288715684,485
9,draft-mtp,,,,0.7005877571437504,199,288,31986,22409,5331,4923,9,5331,5331,0.012,109603.552,9.988,62,142.12,7.04,248,56.78,17.61,4804.2,310,4804.2,1.427372930518988,0.7005877571437504,0.009112011989174478,248
